"id","profile_id","vertical","source_name","rating","review_title","review_text","review_date","agent_name","reviewer_first_name","reviewer_last_name","reviewer_email","reviewer_city","reviewer_state","review_helpful_count","created_at","updated_at"
44364135,13415346,"Mortgage","google.com","5",NULL,"Anthony was very helpful during the entire experience! He took the time to explain everything to me very thoroughly and answer all my questions in a timely manner, no matter the time I reached out. His communication and guidance made the experience great, especially as a first time homebuyer, I had no idea what to expect and what steps to take, so I really appreciated his constant support.","2025-11-14",NULL,"Cassidy","McCallum",NULL,NULL,NULL,NULL,"2025-12-14","2026-01-28"
44364136,13415346,"Mortgage","google.com","5",NULL,"Tony is a true professional and a pleasure to work with every step of the way! He is extremely knowledgeable and I trust him to provide my clients with sound advise. I'm looking forward to our next deal together!","2025-11-14",NULL,"Mona","Cooper",NULL,NULL,NULL,NULL,"2025-12-14","2026-01-28"
44364137,13415346,"Mortgage","google.com","5",NULL,"I’m so glad my agent recommended Tony Grech at CrossCountry Mortgage .. he made the whole process less stressful. I would definitely recommend him to family and friends!","2025-11-14",NULL,"Cari","Turner",NULL,NULL,NULL,NULL,"2025-12-14","2026-01-28"
44364140,13415346,"Mortgage","google.com","5",NULL,"Anthony Grech has received a review with 5 star rating from Matt Wierzba","2025-11-14",NULL,"Matt","Wierzba",NULL,NULL,NULL,NULL,"2025-12-14","2026-01-28"
44364138,13415346,"Mortgage","google.com","5",NULL,"I have had a few deals with Tony lately and cannot say enough about his professionalism, attention to detail, and passion he has for his clients. His years of experience allows him to seamlessly assist borrowers through the sometimes confusing and overwhelming process of buying a home. Tony and his team have a home financing solution for just about any situation you can think of, and I would highly recommend him for your next purchase or refinance.","2025-02-14",NULL,"Alexander","Malinowski",NULL,NULL,NULL,NULL,"2025-12-14","2026-01-28"
44364139,13415346,"Mortgage","google.com","5",NULL,"Anthony was great to work with and made the process very streight forward.","2025-01-14",NULL,"Andrew","Blain",NULL,NULL,NULL,NULL,"2025-12-14","2026-01-28"
40478288,13415346,"Mortgage","zillow.com","5","I appreciate everything Tony did for me","I appreciate everything Tony did for me & all the helpful advice he shared with me! I will be recommending him to all my loved ones who'll be looking to purchase a home!","2019-05-07","Anthony Grech","Herzzzzz",NULL,NULL,"Lincoln Park","MI",NULL,"2025-10-14","2026-04-10"
40478289,13415346,"Mortgage","zillow.com","5","Multiple Options, Easy Decision","We contacted multiple lenders during our home search. One lender even got so far as providing us a pre-approval letter but we instead chose Luxury Mortgage. Anyone looking at the levels responsiveness would understand why we ultimately chose Tony. Don't get me wrong, the unnamed lender would have been a fine choice...if you didn't feel like shopping around. I'm sure they would have gotten the job done but Tony provided more than that. He was always available and completely on task. He was present and advisory during the home search (a couple offers were rejected), all document preparation (he kept track of the whole mess!), and eventual closing went smoothly and on-time thanks to his on-the-ball attitude. That is is the end of the journey, though. In the beginning, we were embarking as first-time home buyers with immature credit. Despite that, he was optimistic and encouraging the whole way. That is what won us over. With the level of service we got, you'd have thought we were buying a mansion and his commission would be fat. Instead, he was investing in a family. He got us into a home and we won't forget that.","2017-05-08","Anthony Grech","zuser20160122200610060",NULL,NULL,"Lincoln Park","MI",NULL,"2025-10-14","2026-04-10"
40478303,13415346,"Mortgage","zillow.com","5","Quick  and easy process!","Tony was extremely helpful, personable,  and guided us through the process.  Grateful for not having to deal with the red tape and slowness of a major lender.","2017-02-24","Anthony Grech","kkarey2",NULL,NULL,"Hilton Head Island","SC",NULL,"2025-10-14","2026-04-10"
40478304,13415346,"Mortgage","zillow.com","5","He always responded back to my emails in a timely manner, he explained the entire...","I recommend Tony because he was very helpful, professional, and awesome throughout my loan experience. He always responded back to my emails in a timely manner, he explained the entire process even if I asked him the same questions over and over again. I just re-financed and he made this process as easy and less time consuming as possible. I would 100% recommend Tony because he is nothing but the best!","2015-06-30","Anthony Grech","ShakoraBoss",NULL,NULL,"East Point","GA",NULL,"2025-10-14","2026-04-10"
40478313,13415346,"Mortgage","zillow.com","5","He guided me through the process, answered all my questions.","Tony has great experience. He guided me through the process, answered all my questions. I never had to worry about a thing. I would definitely recommend Tony to anyone buying a house.","2015-03-16","Anthony Grech","pbuech",NULL,NULL,"Livonia","MI",NULL,"2025-10-14","2026-04-10"
40478321,13415346,"Mortgage","zillow.com","5","He made sure I had all of the information I needed to make the best financing decisions.","I've purchased two homes through Tony and both were excellent experiences.  He made sure I had all of the information I needed to make the best financing decisions.  He was available all hours of the day and was super responsive to any of my questions or concerns.  I'd recommend him to anyone looking to purchase a new home.","2015-03-16","Anthony Grech","chris","hunt4",NULL,"Chesterfield","MI",NULL,"2025-10-14","2026-04-10"
1854524,13415348,"Mortgage","findamortgagebroker.com","5",NULL,"I enjoyed working with Ashley on my mortgage refinance.  Except for a couple minor items due to others, the entire process was quick and seamless.  She was always accessible, kept me in the loop, and was quick to respond.  I would definitely work with Ashley again!","2021-08-23","Ashley Kaplaniak","Judy","Boldt","jcboldt0388@gmail.com",NULL,NULL,NULL,"2023-11-28","2024-01-09"
1854525,13415348,"Mortgage","findamortgagebroker.com","5",NULL,"Though no fault of our own or Ashley's there were a few hiccups along the way. Ashley was so persistent in getting these matters handled. She was always on top of things and communicated very well along the way. I am so happy we worked with her. Highly recommended!","2021-08-12","Ashley Kaplaniak","Jenny","W","weberj45@gmail.com",NULL,NULL,NULL,"2023-11-28","2024-01-09"
1854526,13415348,"Mortgage","findamortgagebroker.com","5",NULL,"My husband and I had an excellent experience working with Ashley. She took great care of all our refinancing needs in a quick and professional manner. Will most definitely use her again!!","2021-07-20","Ashley Kaplaniak","Cindy","Korunka","ckorunka@cass.net",NULL,NULL,NULL,"2023-11-28","2024-01-09"
1854527,13415348,"Mortgage","findamortgagebroker.com","5",NULL,"Ashley was very accessible and answered texts and emails quickly. She was receptive to any feedback or questions and there was no pressure to commit after she initially reached out to us (we worked with her for our last refi). With any hiccups that arose (COVID played the part in this, not her or the underwriter), she worked diligently to find a solution. We recommend working with her for your next refinance. ","2021-07-16","Ashley Kaplaniak","Aubrey","Huff","aubreyhuff@gmail.com",NULL,NULL,NULL,"2023-11-28","2024-01-09"
1854528,13415348,"Mortgage","findamortgagebroker.com","5",NULL,"This was by far the easiest refinance we've ever experienced.  Ashley was on top of things and extremely quick to respond to any questions we had.  She was able to get us an amazing interest rate which we are very happy about.  Our closing agent had never seen numbers that low in her 30 years of business.  All in all, a really great encounter and we would highly recommend Ashley.","2021-07-10","Ashley Kaplaniak","Susan","Ogden","susanjeansogden@gmail.com",NULL,NULL,NULL,"2023-11-28","2024-01-09"
1854522,13415348,"Mortgage","findamortgagebroker.com","5",NULL,"Ashley was great to work with on our mortgage. We worked with her three times on home purchases. She is professional, responsive, and excellent at understanding our needs. I was pretty inexperienced when it came to the  mortgage process and she was patient with me and explained everything along the way and quickly and clearly answered all of my questions. I'd recommend working with Ashley on any of your mortgage needs. ","2021-07-07","Ashley Kaplaniak","C","resswell","candgholdings@gmail.com",NULL,NULL,NULL,"2023-11-28","2024-01-09"
1854523,13415348,"Mortgage","findamortgagebroker.com","5",NULL,"Working with Ashley was awesome! She was patient, efficient, friendly, and ultimately got the job done. Even when we were slow to respond, she didn't act impatient or frustrated and instead cheerfully encouraged us and helped us getting everything in on time. She's the best. ","2021-07-07","Ashley Kaplaniak","Pete","Burak","pburak10@yahoo.com",NULL,NULL,NULL,"2023-11-28","2024-01-09"
528278,13415385,"Mortgage","zillow.com","5","The Best in the Seattle Area - An Asset to Mortgage Brokering","As a first time home buyer in a hot Seattle housing market, it was important to me that I had a team of experienced, honest and reliable professionals by my side to help assemble a winning offer with a solid financial follow-through.  Many hours of extensive research eventually led me to Eric Freeman at Lakeview Mortgage due to an introductory phone conversation that was calm, collected, informative and most importantly - honest.  Eric and his team of lending professionals were instrumental throughout my first home-buying experience.  Eric was always on top of the market with a deep understanding of how best to approach each situation.  He was patient, understanding and a real pleasure to work with every step of the way.  Through Eric, I was able to secure a very competitive rate without making sacrifices or being inconvenienced.  While the process of buying a home may feel overwhelming to a new buyer, the entire experience was more seamless than I could have ever imagined.  Eric worked hard to accomodate closing deadlines set by the seller and promptly answered any questions that were presented to him in a clear and precise manner.I can whole heartedly recommend using Eric for all of your home mortgage and refinancing needs!  I have personally sent many of my friends and family to him as well, all of which have had a fantastic experience!","2018-01-05","Eric Freeman","wyvernx23",NULL,NULL,"Bothell","WA",NULL,"2023-11-24","2026-04-10"
528284,13415385,"Mortgage","zillow.com","5","they explained documents required by the lender, always called/emailed back quickly,...","Eric and his processor Nichie helped us a great deal through our mortgage process.  they explained documents required by the lender, always called/emailed back quickly, and Eric has an an excellent array of products and lenders with very competitive rates!I highly recommend them!","2015-07-08","Eric Freeman","davidh98115",NULL,NULL,"Burien","WA",NULL,"2023-11-24","2026-04-10"
528291,13415385,"Mortgage","zillow.com","5","I work long hours and he was willing/able to come to me at work to go over paper ...","Eric went above and beyond to help me refinance my house.  I work long hours and he was willing/able to come to me at work to go over paper work and to get papers signed in a timely manner.  He responded quickly to my emails, never had to wonder or worry about what was going on.  Eric was very friendly and easy to work with.  Would definitely use him again in the future!","2015-06-01","Eric Freeman","jdbeans4",NULL,NULL,"Everett","WA",NULL,"2023-11-24","2026-04-10"
528299,13415385,"Mortgage","zillow.com","5","We were recently on a tight timeline to purchase a home.","Eric is a reliable and responsive broker.  We were recently on a tight timeline to purchase a home.  Eric came through on several different levels and met our demands.  He is detailed to the needs of the loan and lender process.  We will definitely use Eric for any future property purchases!!","2015-03-29","Eric Freeman","houkfamily4388",NULL,NULL,"Vancouver","WA",NULL,"2023-11-24","2026-04-10"
528307,13415385,"Mortgage","zillow.com","5","He, and his staff for that matter, are always quick to respond and full of good ...","While I don't really want the secret to be out about how great of a RE Professional Eric is (we'd prefer to have him all to ourselves), I can't help but publicly shower him with the compliments he deserves!Eric has helped us with numerous refinances since we purchased our home in 2007. He, and his staff for that matter, are always quick to respond and full of good advice. Eric really stays on top of the market, and combines this knowledge with a deep understanding of his clients' needs to know when to reach out to clients and what to offer. Eric also doesn't try to sell you something when he knows it's not in your best interest, which is truly valuable. He's saved us so much money over the years and has always done everything he can to make our mortgage dreams happen for us!Working with Eric on loans is also a pleasure. How often can people say that? Both he and his team do a great job in guiding us through the process, navigating seemingly bizarre or overly stringent lender requirements. He is helpful and actually makes the tedious process fun!If you want someone who looks after your best interests, helps you get good rates and low (to no) fees, and makes the approval process as easy as it can be, then Eric's your guy!","2015-03-25","Eric Freeman","LindseyKunz",NULL,NULL,"Seattle","WA",NULL,"2023-11-24","2026-04-10"
528316,13415385,"Mortgage","zillow.com","5","My financial situation is fairly complex, but Eric was very patient as we went through ...","Eric and his team were extremely helpful in securing my loan for my first home-buying experience. My financial situation is fairly complex, but Eric was very patient as we went through the process. He provided clear instructions for me to get the required documentation. Despite the nearly continuous snags and various bumps in the road, he stayed on schedule and my house closed on time.","2014-10-05","Eric Freeman","youthie",NULL,NULL,"Seattle","WA",NULL,"2023-11-24","2026-04-10"
528321,13415385,"Mortgage","zillow.com","5","But was able to turn around and get us approved and closed on a second home in less ...","Eric was a fantastic help. He initially got us approved for a home that fell through following an inspection. But was able to turn around and get us approved and closed on a second home in less than a month. I can't imagine trying to navigate this process twice in a matter of months without his excellent service.","2014-06-12","Eric Freeman","zuser20140612145320902",NULL,NULL,"Seattle","WA",NULL,"2023-11-24","2026-04-10"
528324,13415385,"Mortgage","zillow.com","5","Eric is always available and willing to answer ALL of our questions, addressing ...","Eric has been our ""go to guy"" for several years.  During this time and under Eric's careful watch and expert opinion we have had the pleasure of successfully completing several home loans and refinance transactions.  Eric is always available and willing to answer ALL of our questions, addressing any concerns, providing clarity and always taking into consideration what is best for our family. Eric's professionalism and eye to detail is reflected in his staff and together they have a team that you can depend on.","2014-05-13","Eric Freeman","asterlington",NULL,NULL,"Spokane","WA",NULL,"2023-11-24","2026-04-10"
528327,13415385,"Mortgage","zillow.com","5","He was able to walk us through the process, get our paperwork organized, and satisfy ...","Eric and his staff were instrumental in securing our complex loan structure with our fairly complex financial strategy. He was able to walk us through the process, get our paperwork organized, and satisfy the loan servicer in order to close in 26 days. His professionalism enabled us to secure a great home in a very competitive, low inventory market.","2014-03-28","Eric Freeman","sdwenning",NULL,NULL,"Seattle","WA",NULL,"2023-11-24","2026-04-10"
528331,13415385,"Mortgage","zillow.com","5","The regulations that are now in place within the lending industry make their job ...","Eric was introduced to us several year ago by a friend and we have purchased or refinanced with Lakeview 4 times.  Eric and his team are highly professional, thorough knowledge of the products out there and they took the time to figure out the best product that would fit our family for the type of home we were buying and how long we saw ourselves living there. I always shop around each time to make sure I am getting the best deal and every time Eric and his team have created the best loan package for us - the best rates, the best products and done it on time.  The regulations that are now in place within the lending industry make their job very difficult but they have always made the process as simple and painless on us as is humanly possible.  If you are looking for a lender, I have no hesitation recommending Eric and his team to you!","2014-03-26","Eric Freeman","user0926924",NULL,NULL,"Silverdale","WA",NULL,"2023-11-24","2026-04-10"
528268,13415385,"Mortgage","zillow.com","5","We asked Eric to run through several different scenarios and offer his advice, and ...","Eric was wonderful to work with for several reasons.  First, Eric is very knowledgeable about the mortgage industry and products to fit any buyer's needs.  Eric took the time to evaluate our specific situation and make recommendations tailored to suit our timeline and budget.  Second, Eric is very thorough and patient.  We asked Eric to run through several different scenarios and offer his advice, and each he followed through with explanations which were easy to understand.  Finally, Eric is a nice person.  It was obvious that Eric cared about his customers.  I would highly recommend Eric.","2014-03-26","Eric Freeman","davidkeenan3",NULL,NULL,"Seattle","WA",NULL,"2023-11-24","2026-04-10"
528274,13415385,"Mortgage","zillow.com","5","We recently purchased our 3rd house using the help of Eric and once again Eric was ...","I have worked with Eric since 1998.  We recently purchased our 3rd house using the help of Eric and once again Eric was awesome!  He is extremely knowledgeable, highly detailed, has a breadth of knowledge of loan options available, and he works very hard to get you the best possible rate. I highly trust Eric and have recommended him to many who have had the same consistent experience.","2014-03-25","Eric Freeman","Katrina","Leise",NULL,"Seattle","WA",NULL,"2023-11-24","2026-04-10"
1879825,13415395,"Mortgage","lendingtree.com","5","Austin was a lifesaver! Professional, Smart and Honest.","Austin was amazing to work with. He is professional, honest and will work around the clock to get your loan done. Attaining a loan can be daunting but Austin was there every step of the way to help my family and I overcome any hurdles along the way and buy the house of our dreams. Because I’m self employed it can add a level of complexity to attaining a loan. He helped advise me on what I would need  from my accountant to give me the best possible loan outcome and in the end fully delivered on his promises.  I mentioned earlier Austin was a hard worker... This is a guy who was holding my hand while on his own vacation. Literally talking me through the process while sitting on a ski lift. The man never stops working. I highly recommend Austin and will be recommending him to family and friends indefinitely.","2021-04-01","Austin Foust","Michael","",NULL,"Fayetteville","GA",NULL,"2023-11-28","2023-11-28"
1879826,13415395,"Mortgage","lendingtree.com","5","Professional, Honest, Trustworthy","Austin was amazing to work with to say the least. Closing on a mortgage is no easy thing, but Austin made my experience incredibly simple, and answered all of my questions. My favorite characteristic of Austin, was his reliability. I would recommend him to anyone without a doubt.","2021-03-01","Austin Foust","Esteban","",NULL,"Smyrna","GA",NULL,"2023-11-28","2023-11-28"
1879827,13415395,"Mortgage","lendingtree.com","5","Excellent!","Austin stuck out amongst the 100's (no exaggeration) of loan officers that we spoke with. After speaking with him we finally felt that we were in good hands. Everyone we spoke with before just ignored our needs and tried to put us in a 30 year loan, which we didn't want to do. We were trying to save money but didn't want to start over and Austin provided a way for us to make that possible.","2021-02-01","Austin Foust","Sean","",NULL,"Atlanta","GA",NULL,"2023-11-28","2023-11-28"
1879828,13415395,"Mortgage","lendingtree.com","5","Very good experience","Austin was very comunitive during the whole process he kept us informed and answered any questions right away would call him again  Steve Tomlinson","2021-01-01","Austin Foust","Steve","",NULL,"Aurora","CO",NULL,"2023-11-28","2023-11-28"
1879829,13415395,"Mortgage","lendingtree.com","5","It was a rewarding journey","The entire process wasn’t the perfect one but Austin was with me all the time. At the end of the day the biggest questions are, were the goals met?, was the client satisfied?... all I can say is, I’m happy and I’m having a very merry Christmas this year. More power to Loan depot.","2020-12-01","Austin Foust","Gary","",NULL,"Pueblo","CO",NULL,"2023-11-28","2023-11-28"
1879830,13415395,"Mortgage","lendingtree.com","5","Absolutely the best!","I will recommend him to everyone! Very knowledgeable and helped us through the whole process. I will definitely be going back to him if we ever decide to buy again.","2020-09-01","Austin Foust","Chelsey","",NULL,"Toccoa","GA",NULL,"2023-11-28","2023-11-28"
1879832,13415395,"Mortgage","lendingtree.com","5","Very simple","I was expecting this process to be alot more difficult than it turned out to be.  Austin made this process very simple for us and we are happy with the way everything went.","2020-08-01","Austin Foust","Roni","",NULL,"Pueblo","CO",NULL,"2023-11-28","2023-11-28"
1879831,13415395,"Mortgage","lendingtree.com","5","Above and Beyond!","Austin literally spent over three hours on the phone at eleven at night with my previous mortgage company trying to get them to stop the automatic mortgage payment two days before it typically posted - something I didn't even think was possible. We were able to get it done and it saved me a second monthly payment in the refinance process. Austin worked around my crazy ""I'll be in the mountains from X to Y with no cell service"" schedule and was still able to get everything done. He also matched the rate and costs from my previous lender and made for a much better customer experience. I will be referring him to all my friends when the inevitable ""what rate are you paying?"" conversation comes up!","2020-07-01","Austin Foust","Michael","",NULL,"Denver","CO",NULL,"2023-11-28","2023-11-28"
1879833,13415395,"Mortgage","lendingtree.com","5","It was a very pleasant experience","Austin was easy to work with and always available for questions and concerns. What he told us  from the start, he carried it through to the end","2020-06-01","Austin Foust","Julie","",NULL,"Jonesboro","GA",NULL,"2023-11-28","2023-11-28"
1879835,13415395,"Mortgage","lendingtree.com","5","With Austin our dreams became reality.","Purchasing or refinancing a home can be one of the most stressful experiences of a persons life.  Unless you are using the best mortgage professional in the industry.  Working with Austin to purchase and then refinance my home has been the most pleasant and easiest experience I have ever had. Every challenge placed in front of him was met with knowledge and confidence that were both a comfort and welcome surprise for me.  Austin went above and beyond what was expected of him to ensure that we got exactly what we needed.  Austin made certain that  our financial situation was better than it has ever been. Not only will he actually listen and take into consideration what your financial needs or dreams are, he will work tirelessly to make them a reality for you.  Hands down, I would never even consider another mortgage professional for my financial needs.","2019-05-01","Austin Foust","Alanna","",NULL,"Mineral Bluff","GA",NULL,"2023-11-28","2023-11-28"
1879834,13415395,"Mortgage","lendingtree.com","5","Austin stopped me from having to rent!","Working with Austin was a remarkably easy choice! Every other lender I spoke to was dishonest from the beginning and filled me with fear and doubt. The moment I spoke to Austin he told me exactly what I needed to do to repair my credit, when I could close, and most importantly stayed in touch with me through the whole process. Austin made me feel like I was his only client and I have referred many people to him since I purchased my home. My parents just refinanced their home with Austin and they are just as happy as I was.","2019-04-01","Austin Foust","Katie","",NULL,"Roswell","GA",NULL,"2023-11-28","2023-11-28"
368593,13415422,"Mortgage","zillow.com","5","Outstanding Service","Branden is a stellar lender. His ability to communicate timely and efficiently is second to none. All you can hope for as a customer navigating the lending or refinance process is someone who listens, is timely, and is a subject matter expert in their craft. Branden exceeds that. It’s a no brainer if you want to be on the right side of the lending process hire Branden and his team.","2022-06-21","Branden Etta","monicaibanez0121",NULL,NULL,"Port Saint Lucie","FL",NULL,"2023-11-23","2026-04-10"
368602,13415422,"Mortgage","zillow.com","5","Mortgage Refinance","I have received quality service from Branden Etta since my day one encounter. Brandon is a very honest and respectful person with a high caliber of professional behavior. I would like to appreciate his extreme patience, in explaining many of my clarification requests. He provided me with clear and balanced information, which allowed me to trust him, he is a man of his words. I would definitely recommend  Branden to anyone interested in buying or refinancing a home. Thank you!","2022-04-17","Branden Etta","jickssa",NULL,NULL,"Macomb","MI",NULL,"2023-11-23","2026-04-10"
368607,13415422,"Mortgage","zillow.com","5","Main Name Lenders Couldn’t Match Branden’s Rate","I took a whim chance with Branden after being contacted by numerous other junk mail offers on refinancing.  After initial guidance given to Branden and more back and forth questions, he provided me with confidence he is competent at his job. I cross matched to other lenders to which they could not beat Branden’s offer for lower % interest, monthly payment, or refinance fees. Thank you, Branden. Highly recommend and will use you for future house purchases/refinance.","2022-04-10","Branden Etta","VtechNSX",NULL,NULL,"Chester","VA",NULL,"2023-11-23","2026-04-10"
368617,13415422,"Mortgage","zillow.com","5","Highly Recommend!","Branden Etta went above and beyond to make sure our closing went well. He's friendly, efficient, and very helpful. I will recommend him to our friends and family.","2022-03-27","Branden Etta","user1570154",NULL,NULL,"Montrose","MI",NULL,"2023-11-23","2026-04-10"
368625,13415422,"Mortgage","zillow.com","5","A gift you didnt know you needed","Brandon contacted me started out like a gift you didnt know you needed. I was in the middle of negotiating a refi with my lender at the time. And brandon said he could do better. So i thought why not go thru a refinance with both companies and see who does better. You know for science. And i got my rates. Brandons were better by a whole percent. I closed during christmas weekend rather than 2 weeks later with my lender. And i was able to contact and ask questions to him at all ours of the day getting a timely response. He blew them out of the water and will be keeping my business with him moving forward","2022-03-25","Branden Etta","zuser20161009124420667",NULL,NULL,"Apopka","FL",NULL,"2023-11-23","2026-04-10"
368632,13415422,"Mortgage","zillow.com","5","Great Lending Experience","Working with Branden Etta was a great experience. If you need help with securing a mortgage, then Branden is the man to help! He was always kind, caring and compassionate. Did I mention that he is an all around nice guy?","2022-03-25","Branden Etta","rexrbellsr",NULL,NULL,"Cantonment","FL",NULL,"2023-11-23","2026-04-10"
51357788,13415426,"Mortgage","zillow.com","5","Highly Recommend Hien Phan for Refinances","Hien went above and beyond once again! We had initially relied on Hien for securing our mortgage when we bought our home a while back. She reached out to us several months ago to inform us that she has been keeping an eye on the interest rate market, and thinks that we can refinance with a better rate. She worked with us every step of the way, advising us on how to get the home a high value for appraisal, and everything we need to do for preparing for the refinancing process.Thanks to Hien's expertise, we have been able to reduce our monthly payments without carrying the mental load of determining the best time to refinance, or navigate any technical details on our own. We would 1000% recommend Hien to anyone and everyone for both getting a mortgage, and refinancing!","2026-03-09","Hien Phan","gdenvert13",NULL,NULL,"Kenmore","WA",NULL,"2026-04-10","2026-04-10"
51357792,13415426,"Mortgage","zillow.com","5","Awesome!","I worked with Hien on my refinance loan, and she made the entire process significantly easier than I expected. From our first conversation, she took time to understand my financial goals and explain the loan options that fit my situation. Her deep knowledge of refinance programs and current rates helped me compare choices with real clarity — she walked me through how each option would affect my monthly payment and long-term savings.Throughout the process, Hien was extremely responsive and communicative. Whenever I had a question — whether about documentation, timing, or rate locks — she replied quickly with detailed explanations. She proactively updated me at every major step, so I always knew where we were in the timeline and what to expect next.What stood out most was how she anticipated potential issues (like clarifying paperwork or timing with my escrow) before they became problems. That level of foresight reduced stress and kept things on track. I genuinely felt like she had my best interests in mind, not just closing the loan.For anyone considering a refinance or a new home loan, Hien is knowledgeable, trustworthy, and exceptionally attentive — I highly recommend working with her.","2026-01-26","Hien Phan","zuser20220811183237750",NULL,NULL,"Bellevue","WA",NULL,"2026-04-10","2026-04-10"
51357793,13415426,"Mortgage","zillow.com","5","Amazing refinance experience ","Hien helped us refinance our home mortgage and we couldn't be happier. She kept an eye out for the best deals for us and made sure we knew exactly how to prepare ahead of time in terms of what to do for our credit score, and then kept us informed along every step of the way through to completion. I highly recommend her for any mortgage finance needs.","2026-01-24","Hien Phan","dleake120",NULL,NULL,"Seattle","WA",NULL,"2026-04-10","2026-04-10"
51357796,13415426,"Mortgage","zillow.com","5","1000% RECOMMENDED!","If you are looking for your first home, dream home, or even forever home, trust in SBM to get it done for you! Nothing beats a broker and their company to do whatever they can for you! 1000% recommended! Thank you Hien and company! ","2025-12-23","Hien Phan","michaelnguyenx30",NULL,NULL,"Costa Mesa","CA",NULL,"2026-04-10","2026-04-10"
51357797,13415426,"Mortgage","zillow.com","5","Amazing Experience from Start to Finish","Hien made the entire mortgage process easy and stress-free. She’s very knowledgeable, always on top of things, and incredibly detail oriented. You can tell she loves what she does and truly cares about helping people. She’s professional, reliable, and an absolute pleasure to work with from start to finish.","2025-11-13","Hien Phan","jeremontero17",NULL,NULL,"Bothell","WA",NULL,"2026-04-10","2026-04-10"
33477739,13415426,"Mortgage","zillow.com","5","Exceptional Service and Expertise","I had the pleasure of working with Hien Phan on a co-ownership home mortgage recently, and the experience was well beyond my expectations. Throughout the entire process, Hien provided exceptional service and expertise. What I appreciated most about Hien was her dedication to our needs. She listened attentively and worked diligently to find a mortgage solution that was tailored to our needs at a competitive interest rate. Hien demonstrated a deep understanding of the mortgage market. She took the time to explain every step of the process, ensuring that we were well-informed and comfortable with the decisions being made. Her knowledge of various loan options and current market trends was truly impressive. She was always willing to take time to explain numerous detailed legal documents in plain language, and always with a positive, professional attitude.One of the standout qualities of Hien was her communication skills. Whether it was through emails, texts, or phone calls, she was always prompt in responding and kept us updated on the progress of a complex application process. Our loan was scheduled to close in less than 30 days, during the holiday season to boot, and had numerous changes out of her control. She worked late hours when needed and kept us on track. Her customer service was off the charts. She made what could have been a stressful experience so much easier and was so wonderful to work with. I wholeheartedly recommend Hien and Southern Birch to anyone in need of a mortgage broker. Her expertise, professionalism, and customer-focused approach set her apart in the industry. ","2025-02-04","Hien Phan","maryfj6",NULL,NULL,"Seattle","WA",NULL,"2025-03-20","2026-04-10"
33477740,13415426,"Mortgage","zillow.com","5","A pleasure working with Southern Birch Mortgage","My wife and I recently worked with Hien from Southern Birch Mortgage to purchase our home, and we couldn’t be more pleased with the experience. We were referred to Hien by a friend, who praised her for being quick, thorough, and incredibly communicative—and she certainly lived up to that reputation!From the very beginning, Hien took the time to walk us through the mortgage process, explaining every detail in a way that made it easy to understand. She was always available to answer any questions we had, and she proactively reached out daily with updates, ensuring we were always in the loop.The home buying process can be stressful and filled with uncertainty, but Hien’s responsiveness, clarity, and constant support made all the difference. She didn’t just work to find us the best deal—she made sure we understood all our options, explained the pros and cons of each, and helped us choose the right path for our unique situation.What truly stood out to us was the trust we built with Hien. We never felt rushed, and we always felt like she had our best interests in mind. She moved quickly when we needed it and was a consistent, reliable resource throughout the entire journey.We would overwhelmingly recommend Hien and Southern Birch Mortgage to anyone looking for a trustworthy, knowledgeable, and supportive mortgage broker. Hien made the whole process easier, and we are extremely satisfied with the outcome.","2025-01-26","Hien Phan","phil","oam",NULL,"Seattle","WA",NULL,"2025-03-20","2026-04-10"
33477741,13415426,"Mortgage","zillow.com","5","Highly satisfied customer","Highly recommend Hien! Her background as a pharmacist really shines through in her attention to detail and care for her clients. She was incredibly responsive throughout the entire process, answering all my questions quickly and thoroughly. Made the experience smooth and stress-free as much as possible.","2025-01-23","Hien Phan","jenpark91",NULL,NULL,"Seattle","WA",NULL,"2025-03-20","2026-04-10"
17909875,13415426,"Mortgage","zillow.com","5","Excellent lender throughout the buying process","Hien was a great help throughout the loan process! I had some quotes from other lenders and she made sure to get me a better rate. Responsive and understanding, highly recommended!","2024-12-01","Hien Phan","cai","longyou",NULL,"Seattle","WA",NULL,"2024-12-04","2026-04-10"
17909876,13415426,"Mortgage","zillow.com","5","Reliable and Great Mortgage Experiences with Hien!","I recently worked with Hien again for my second mortgage with her. I couldn't be happier with the experience and trusting her again. She is incredibly knowledgeable and was always on top of every detail throughout the mortgage process.Despite facing some challenges during closing, Hien handled everything with remarkable organization and professionalism. She kept me informed at every step and was always available to answer my questions. Thanks to her expertise and dedication, I felt confident and supported. I highly recommend Hien to anyone looking for a reliable mortgage broker!","2024-10-11","Hien Phan","cathydang91",NULL,NULL,"Seattle","WA",NULL,"2024-12-04","2026-04-10"
17909877,13415426,"Mortgage","zillow.com","5","Professional, Knowledgeable and Responsive","I recently worked with Hien Phan at Southern Birch Mortgage on a home purchase in Olympia WA, and can't recommend them highly enough! From start to finish, their service was exceptional. Hien was incredibly responsive, always quick to answer any questions or concerns I had, making the process smooth and stress-free. Hien was very knowledgeable and has a deep understanding of the mortgage market; made the right decisions promptly to secure the best rate and cost based on my preference. What impressed me most was her expertise in navigating lenders' requirements. She knew exactly what needed to be done and guided me through every step with confidence and clarity to close on time. If you're looking for a mortgage broker who is responsive, professional, and highly knowledgeable, look no further than Southern Birch Mortgage. Their dedication and expertise made a potentially daunting process straightforward and manageable. I highly recommend them to anyone in need of mortgage services!","2024-07-31","Hien Phan","user63334610947",NULL,NULL,"Schneiders Prairie","WA",NULL,"2024-12-04","2026-04-10"
17909878,13415426,"Mortgage","zillow.com","5","Great experience","As a first time home buyer, Hien was super helpful and patient with me as I had a lot of questions about the process.  She guided me from beginning to end and I never felt like I was left in the dark about anything.  Her communication was excellent and she was always friendly and easy to work with.  She really made me feel like I was her only client and promptly got back to me whenever I had time sensitive questions.  I really appreciated all the time and energy she put into getting me the best loan and best rate possible.  Amazing experience!","2024-07-23","Hien Phan","ejwong11",NULL,NULL,"Bothell","WA",NULL,"2024-12-04","2026-04-10"
17909879,13415426,"Mortgage","zillow.com","5","Highly Recommend Hien Phan","I highly recommend Hien Phan and her team at Southern Birch Mortgage! As first-time homebuyers, we were completely overwhelmed by the process. Hien was our guiding star, patiently explaining every step and anticipating our concerns.Hien went above and beyond in this process. Her calm demeanor and quick responses to our countless questions made us feel supported throughout the entire process. We are incredibly grateful for her dedication and would not hesitate to recommend her to friends and family. If you're looking for a mortgage professional who truly cares about her clients, Hien is your person!","2024-07-23","Hien Phan","gdenvert13",NULL,NULL,"Kenmore","WA",NULL,"2024-12-04","2026-04-10"
17909881,13415426,"Mortgage","zillow.com","5","Trustworthy, highly competent advisor","Hien is an excellent advisor who has my best interests in mind and will work diligently to see the deal come to fruition.  I cannot recommend her enough to anyone looking to purchase or sell a home.","2024-07-22","Hien Phan","zuser20150319163655015",NULL,NULL,"Seattle","WA",NULL,"2024-12-04","2026-04-10"
17909880,13415426,"Mortgage","zillow.com","5","Well informed, professional, and a pleasure to work with.","Hien was extremely patient to help guide me through the process as a first time home buyer, and made sure that i was informed, and understood the process every step of the way. Would recommend to anyone looking for a mortgage, whether it be a first time or not.","2024-07-22","Hien Phan","charlestran93",NULL,NULL,"Seattle","WA",NULL,"2024-12-04","2026-04-10"
17909882,13415426,"Mortgage","zillow.com","5","Prompt and Informative","We choose Hien after finding her rave reviews on mortgage broker site. She not only closed our loan earlier but also explained us at each step why best rate was not in our best interest.  We choose her over because of how genuine she felt over the other sales parrots. ","2024-05-25","Hien Phan","Ast35",NULL,NULL,"Redmond","WA",NULL,"2024-12-04","2026-04-10"
17909883,13415426,"Mortgage","zillow.com","5","Wonderful experience! Highly recommended","It was an absolute pleasure working with Hien for my first home mortgage. She was an invaluable resource for my wife and I as first-time homebuyers. Hien is professional, knowledgeable, and consistently goes the extra mile for her clients. She has also taken wonderful care of the many family/friends I have referred her way. I cannot recommend her enough. Thank you, Hien!","2024-04-17","Hien Phan","TungNguyen27",NULL,NULL,"Seattle","WA",NULL,"2024-12-04","2026-04-10"
1849385,13415426,"Mortgage","findamortgagebroker.com","5",NULL,"Hien helped my husband and I with two refinances of our Edmonds townhome - one in 2020 and a second in 2021. Hien reached out to *us* to let us know about the opportunity to get an even lower interest rate ad minimal cost to us.From helping us decide whether refinancing was the right option for us, to selecting a lender, Hien was a great partner with us from the beginning. Having never refinanced before, we had a lot of questions. Hien was very responsive - and patient - with all of the questions and concerns we had. I would definitely recommend Hien to any friend or family member looking to purchase or refinance a home!","2023-11-20","Hien Phan","kirsten","daniels9","hphan@southernbirch.com",NULL,NULL,NULL,"2023-11-28","2024-01-09"
1849391,13415426,"Mortgage","findamortgagebroker.com","5",NULL,"We had a wonderful experience refinancing our home with South Birch Mortgage. Hien walked us through every step of the way. We highly recommend this company.","2023-10-20","Hien Phan","tatianasadak0","","hphan@southernbirch.com",NULL,NULL,NULL,"2023-11-28","2024-01-09"
1849393,13415426,"Mortgage","findamortgagebroker.com","5",NULL,"Hien and her team at Southern Birch made our home buying experience so smooth and positive. We won our first offer in the very competitive Seattle region! Hien is incredibly organized, responsive, and knowledgeable. We trusted her 100% and felt great having her lead us through what can be an intimidating process. Hien gets to know her clients and makes sure she is supporting them every step along the way - even after closing day. Her personal and genuine care for her clients left a lasting impression on us and my spouse and I couldn’t be more happy or satisfied to have worked with the Southern Birch team.","2023-10-03","Hien Phan","Thanh","T","contacts@verigrouphomes.com",NULL,NULL,NULL,"2023-11-28","2024-01-09"
1849395,13415426,"Mortgage","findamortgagebroker.com","5",NULL,"Hien and her team are very well versed and experienced. The market is so competitive and volatile, Hien and the team at Southern Birch will make sure you are prepared. Every step there is a break down of what is needed and how to proceed. They will make sure you are ready for what is to come, and give you the understanding of what to expect and how things will happen. The customer experience my wife and I received was nothing but great. Tended to our every question, and ensured we walked into anything with confidence. There will be bumps in the road, but Southern Birch will always be there to help things work. I would not hesitate to recommend Hien, and her team at Southern Birch. We will work with them again.","2023-09-25","Hien Phan","Josh","Bradburn","info@verigrouphomes.com",NULL,NULL,NULL,"2023-11-28","2024-01-09"
1849396,13415426,"Mortgage","findamortgagebroker.com","5",NULL,"Hien and her colleagues at Southern Birch played a key role for my wife and I, as we began our search for a home and mortgage lender. She and her team were efficient and incredibly knowledgeable, asking up front for all the documents we’d need for our specific situation and saving us from the hassle of going back and forth to dig up some obscure file that is typical for these kinds of loans. In addition, she was readily available at a moment’s notice to answer any questions we had, or file paper work we needed to make an offer on a house we liked at the drop of a hat.You will not regret using her and Southern Birch for your lender broker needs. In a world where time is money, they will save you plenty of both!","2023-09-08","Hien Phan","Arian","Flores","contact@verigrouphomes.com",NULL,NULL,NULL,"2023-11-28","2024-01-09"
1849364,13415426,"Mortgage","findamortgagebroker.com","5",NULL,"I worked with Hien and Southern Birch Mortgage on a refinance last year. Hien was wonderful throughout the entire process. She explained everything clearly and answered all my questions. She could see when I had trouble understanding certain parts of the refinance and went above and beyond to make me feel comfortable with the numbers. She definitely knows her stuff. I would without a doubt recommend Hien for a home refinance!","2023-08-28","Hien Phan","Jeff","","hello@verigrouphomes.com",NULL,NULL,NULL,"2023-11-28","2024-01-09"
1849371,13415426,"Mortgage","findamortgagebroker.com","5",NULL,"The only thing scarier than buying a home in Seattle is the process of applying for a mortgage to pay for it… unless you’re working with a top notch company! Hien was an amazing resource through out the mortgage application process. She was so organized, responsive, and kind throughout the entire process. Her knowledge in real estate is expansive so she knew how to answer any question I asked or guided me how to learn more. I highly recommend Hien from Southern Birch for your mortgage needs!","2023-08-16","Hien Phan","Cathy","D","hello@verigrouphomes.com",NULL,NULL,NULL,"2023-11-28","2024-01-09"
1849378,13415426,"Mortgage","findamortgagebroker.com","5",NULL,"Hien has been an excellent loan officer. Head and shoulders above the five other loan officers I've worked with.My income situation is fairly complicated. I work 3 jobs and have a high income. However, my income varies from week to week depending how many shifts I sign up for. I also just started working recently, so I only have 1.5 yr of income history.I was in the market for a jumbo loan. Most other loan officers made me go through the lengthy application process, only to deny the loan without an explanation. Hien made sure all my questions were answered. She scheduled a phone meeting with me at the beginning of the home search process and explained everything thoroughly. She was available and easy to reach. In contrast, other loan officers I worked with only showed interest once I won an offer on a house.Hien walked through the different loan terms, and how that would impact my financial situation. She explained amortization, and how extra payments would affect the loan and monthly payments. I consider myself well versed in numbers, but there's so much to learn in such little time. It's super helpful to have someone willing to walk you through the math.She explained how locking in an interest rate worked (much like the stock market) and allowed me to choose when to lock it in. Other loan officers locked the rate without consulting me.Hien explained how home insurance worked, and helped me get a really affordable policy. Hien got me an excellent interest rate (2.5%)!! Closing went smoothly. Because she helped me shop, closing costs came in quite a bit lower than estimated. She coordinated well with my real estate agent, and with escrow. Everything went really smoothly. She made sure I was able to navigate the web portal to make my first house payment.I'm really happy to have met Hien during the home buying process. Home buying is quite stressful, but Hien makes the loan process low-stress. I highly recommend her.","2023-08-10","Hien Phan","Stan","","questions@verigrouphomes.com",NULL,NULL,NULL,"2023-11-28","2024-01-09"
1849384,13415426,"Mortgage","findamortgagebroker.com","5",NULL,"Hien made the entire process feel so easy and smooth. Answered all my loan questions (and there were a lot of them) and clearly really knew her stuff. Always warm and personable and it's cliché, but she made me feel like family!","2023-07-20","Hien Phan","Lu","L","Contacts@verigrouphomes.com",NULL,NULL,NULL,"2023-11-28","2024-01-09"
1849390,13415426,"Mortgage","findamortgagebroker.com","5",NULL,"Hien was our broker when we purchased our house last year (in the midst of the pandemic). She was extremely professional and made herself available — over email, text, mobile — for all our questions as a first-time homeowners. During our engagement, she was able to provide (Google) spreadsheets that assisted us with choosing the best mortgage rate/plan; she was able to succinctly and clearly explain the data in a way that helped reduce our anxiety.","2023-07-19","Hien Phan","Matt","Chung","questions@verigrouphomes.com",NULL,NULL,NULL,"2023-11-28","2024-01-09"
1849345,13415426,"Mortgage","findamortgagebroker.com","5",NULL,"This is the second time I worked with Hien. She is so organized and SUPER fast and efficient. I always dread the process but she makes it so easy! Definitely recommend!","2023-07-14","Hien Phan","user32904433","","questions@verigrouphomes.com",NULL,NULL,NULL,"2023-11-28","2024-01-09"
1849346,13415426,"Mortgage","findamortgagebroker.com","5",NULL,"Hien was a fantastic lender that has helped educate me about the mortgage process from the application underwriting and closing. She had made the process both easy and seamless, especially when handling every requirement remotely. She is always available to talk through the scenario and provide options that would best suit our needs and what we want for our future. What I value most about her is that she is transparent and provides perspective on one of the larger decisions of my family’s life. She definitely goes out of her way to find the best rate possible for you to plan for your future investments.","2023-07-10","Hien Phan","Rodel","D","contact@verigrouphomes.com",NULL,NULL,NULL,"2023-11-28","2024-01-09"
1849347,13415426,"Mortgage","findamortgagebroker.com","5",NULL,"Hien helped my family and I with our first home purchase last year and again this year with our refinance! She was amazing throughout both experience and I definitely would recommend her to our friends and families. She took the time to explain everything to us in a way that we can understand. She was always available for questions at any time of the day. She is also very knowledgeable and it definitely shows through her work.","2023-06-13","Hien Phan","renecruz1","","contact@verigrouphomes.com",NULL,NULL,NULL,"2023-11-28","2024-01-09"
17909884,13415426,"Mortgage","zillow.com","5","Extremely Helpful, Competitive, and Friendly!","Hien was professional in her assistance as a mortgage advisor. She was able to get me competitive rates that beat other offers. Furthermore, Hien was friendly in explaining any questions I had, as well as promptly following up with any next steps. Thank you Hien!","2023-06-06","Hien Phan","mintyburner3",NULL,NULL,"Seattle","WA",NULL,"2024-12-04","2026-04-10"
1849349,13415426,"Mortgage","findamortgagebroker.com","5",NULL,"Hien was very patient and always had time to talk about any of the questions that we had. She always got back to us as fast as possible and helped explains some of the processes we were unfamiliar with. It made the home buying process less stressful knowing that she was in our corner to help us out. Hien also helped explain stuff that my wife didn’t understand in English. As my wife is more fluent in Vietnamese. I would recommend Hien to anyone in the same situation as us.","2023-06-06","Hien Phan","joscaldw18","","contact@verigrouphomes.com",NULL,NULL,NULL,"2023-11-28","2024-01-09"
1849351,13415426,"Mortgage","findamortgagebroker.com","5",NULL,"It was a great experience working with Hien as our lender. She helped us navigate the complex task of buying a home in the states while living in Canada. The process involved a lot of paperwork but her organization and open flow of communication reduced that complexity greatly. We'd definitely go back to her if we ever need another mortgage loan.","2023-05-25","Hien Phan","Henry","Doan","info@verigrouphomes.com",NULL,NULL,NULL,"2023-11-28","2024-01-09"
1849348,13415426,"Mortgage","findamortgagebroker.com","5",NULL,"My mortgage application process was great with the help of Hien Phan. Hien had been highly recommended by close friends. She was helpful to find the best mortgage options. I learned a great deal from Hien from getting approval to the application process. I highly recommend Hien for all of your mortgage needs.","2023-05-19","Hien Phan","Lukeqng","","info@verigrouphomes.com",NULL,NULL,NULL,"2023-11-28","2024-01-09"
1849350,13415426,"Mortgage","findamortgagebroker.com","5",NULL,"Hien is the most professional and effective real-estate mortgage loan officer that I have worked with. I am a founder of my own business and applied for a refinance home mortgage to use the proceeds for business and investment purposes. I am convinced that, as a self-employed founder, my loan would have never been approved without Hien’s guidance and expertise. She was always 2 steps ahead of the process and preempted any documentation the lender would request with plenty of time to prepare while guiding me expertly throughout. To make matters even more treacherous, I applied to refinance in the middle of the COVID pandemic, when banks were highly reticent to issue loans and to part with their cash. Nonetheless, Hien persevered and ensured my loan got approved in record time (fewer than 30 days) despite the countless lender requests for additional documents, the complications of me being self-employed, and the very challenging COVID environment. I cannot recommend Hien highly enough. I will not work with any other mortgage broker in the future. Thank you, Hien!","2023-05-10","Hien Phan","Nick","Dimitrov","info@verigrouphomes.com",NULL,NULL,NULL,"2023-11-28","2024-01-09"
1849354,13415426,"Mortgage","findamortgagebroker.com","5",NULL,"Hien was a tremendous help navigating the refinance process. She would reach out at every step to let me know what was needed and set expectations as to upcoming costs and deadlines. At the end of the process, my rate was even better than expected. Thanks a million, Hien!","2023-05-03","Hien Phan","Michael","M","support@verigrouphomes.com",NULL,NULL,NULL,"2023-11-28","2024-01-09"
1849358,13415426,"Mortgage","findamortgagebroker.com","5",NULL,"Made the most stressful process a walk in the Park. Very organized and transparent, everything is explained and done in the timely manner. Quickest turn around time and best rate you can find. I am very glad I had Hien to help me through this whole process.","2023-04-12","Hien Phan","jay","l10","support@verigrouphomes.com",NULL,NULL,NULL,"2023-11-28","2024-01-09"
1849365,13415426,"Mortgage","findamortgagebroker.com","5",NULL,"Wow. Period. That is all I can say. Hien is truly amazing. She is the most organized person you will ever meet and really takes the time to answer all your questions. She helped me get a low interest rate on my home and then worked her magic and came back with an even lower rate! I can’t thank her enough and have already recommended several of my friends and colleagues to her. I will definitely go with her again in the future!","2023-03-30","Hien Phan","Melinda","","support@verigrouphomes.com",NULL,NULL,NULL,"2023-11-28","2024-01-09"
17909865,13415426,"Mortgage","zillow.com","5","Superstar of real estate","I recently had the pleasure of working with Hien as my mortgage loan officer, and I cannot recommend her services highly enough. Hien is an absolute superstar who truly went above and beyond to help me secure the best possible mortgage product for my needs. From the very start, Hien demonstrated her dedication and commitment to providing exceptional service. She took the time to get to know me and my unique situation, and she provided me with all the necessary information to make an informed decision about my mortgage. Thanks to Hien's exceptional service, I was able to secure a fantastic mortgage product that met all of my needs. I am so grateful to have had the opportunity to work with Hien, and I would not hesitate to recommend her services to anyone in need of mortgage assistance. She is an absolute gem who will go above and beyond to help you achieve your goals.","2023-02-24","Hien Phan","Jojo","Thien",NULL,"Seattle","WA",NULL,"2024-12-04","2026-04-10"
17909866,13415426,"Mortgage","zillow.com","5","Knowledgeable, friendly mortgage help from start to finish","Hien helped me work out the mortgage details for my first house that I bought in November 2022. I knew absolutely nothing about the process and she was extremely helpful, always willing to hop on a call and explain every little detail, and also keeping up via text and email. I was able to make informed decisions when it came to down payment, purchasing mortgage points, etc. based on the rapidly changing mortgage rates. She also followed up after closing to make sure we understood how we could reduce total interest paid over the lifetime of the loan by making various payments directly to principal. I highly recommend Hien for anyone looking to get a mortgage!","2023-02-20","Hien Phan","zuser20150801171302672",NULL,NULL,"Seattle","WA",NULL,"2024-12-04","2026-04-10"
17909867,13415426,"Mortgage","zillow.com","5","Very organized and always prepared","Thank you Hien for helping me with my home purchase. The experience was great. Very knowledgable and responsive. Made the process much easier than I expected!","2023-02-13","Hien Phan","zhaoxiping081",NULL,NULL,"Renton","WA",NULL,"2024-12-04","2026-04-10"
17909868,13415426,"Mortgage","zillow.com","5","Great loan officer! ","THANK YOU HIEN AND SOUTHERN BIRCH MORTGAGE! You guys are amazing and I wish I found you much MUCH earlier. You saved my transaction and I don’t know what I would have done without you. 5 stars!","2023-02-10","Hien Phan","nguyenokk",NULL,NULL,"Bellevue","WA",NULL,"2024-12-04","2026-04-10"
17909869,13415426,"Mortgage","zillow.com","5","Very Professional and Knowledgeable ","Southern Birch Mortgage exceeded all of my expectations. From the moment I contacted them, the team was professional and knowledgeable. They were able to answer all of my questions and guide me through the mortgage process with ease. The communication was clear and timely and they always made sure I understood what was happening every step of the way. I felt like they truly cared about helping me find the best mortgage option for my situation. The process was smooth and stress-free, and I was able to close on my new home in no time. I highly recommend Southern Birch Mortgage to anyone looking for a top-notch mortgage experience.","2023-02-01","Hien Phan","James","Woo",NULL,"Bothell","WA",NULL,"2024-12-04","2026-04-10"
17909870,13415426,"Mortgage","zillow.com","5","Came highly recommended by my close friends","Really great knowledge about the real estate market and everything about real estate in general. Would highly highly recommend the team at Southern Birch! ","2023-01-24","Hien Phan","mandy0101",NULL,NULL,"Renton","WA",NULL,"2024-12-04","2026-04-10"
1849361,13415426,"Mortgage","findamortgagebroker.com","5",NULL,"We had the opportunity to work with Hien on refinancing our home. It was by far the best experience we've had. Hien was expeditious and very informative with all the questions that we had. During the whole process we even had a newborn. Even with a newborn, Hien made the entire process efficient and easy for us. We're so glad to have worked with her.","2023-01-23","Hien Phan","AnDang1","","info@verigrouphomes.com",NULL,NULL,NULL,"2023-11-28","2024-01-09"
17909871,13415426,"Mortgage","zillow.com","5","Amazing service","Hien is hands down the best at what she does. She provides the whole home purchasing package from beginning to end in a swift, well-communicated, and compassionate manner. We worked with her in purchasing our first home and she has exceeded all of our expectations. She is dependable, knowledgeable, and made the process extremely simple. ","2023-01-17","Hien Phan","huangand000",NULL,NULL,"Lynnwood","WA",NULL,"2024-12-04","2026-04-10"
1849368,13415426,"Mortgage","findamortgagebroker.com","5",NULL,"Hien was very responsive and answered all our questions and as first time home buyers we had a lot of questions. She was very positive and motivated us to push through this long process. I would recommend her to anyone looking for a home.","2023-01-05","Hien Phan","Kyla","Cisneros","support@verigrouphomes.com",NULL,NULL,NULL,"2023-11-28","2024-01-09"
1849376,13415426,"Mortgage","findamortgagebroker.com","5",NULL,"Hien helped with my refinance for my home and provided exceptional service as our loan officer. She continually worked to provide me with the best interest rates possible. She is responsive and quick to address any concerns or questions I had, enabling me to move forward with the process with minimal uncertainties. I appreciate how reachable she was throughout the process, which is one of the key attributes I value in professional services. She made the entire process smooth, easy to understand, and effortless on my end. Hien took special care to provide the best available terms as the market continue to fluctuate in this volatile period. I was very confident that she had our best interest in mind throughout the process, and I would strongly recommend her to anyone I know for any home financing needs.","2022-12-30","Hien Phan","David","","support@verigrouphomes.com",NULL,NULL,NULL,"2023-11-28","2024-01-09"
1849382,13415426,"Mortgage","findamortgagebroker.com","5",NULL,"My friend at work kept going on and on about how great his mortgage broker was, how easy she made the whole process and how much money he saved on his last few refinances over the years. I finally decided to refinance and wanted to test out how great his broker was. I was absolutely blow away by how fast and efficient Hien is. I was dreading all the work I would have to do during the refinance but once I submitted my documents Hien took care of everything. I am still not sure what kind of wizardry she used to save me so much money but I am not complaining. If I ever need to refi/buy/sell whatever again in the future I will not hesitate to call Hien again.","2022-12-20","Hien Phan","msl218","","support@verigrouphomes.com",NULL,NULL,NULL,"2023-11-28","2024-01-09"
1849388,13415426,"Mortgage","findamortgagebroker.com","5",NULL,"This is the second time Hien helped me refinance. This time it was to help with my parents home. My parents tried to refinance with a big bank last year but that fell through and my mom didn’t want to go through the process all over again. However, I convinced her Hien helped me with my refinancing so maybe she can help her. Turns out it was such a great experience from beginning to closing. Hien has helped my parents out so much and I am very grateful that my parents saved money. They got an even better interest rate compared to what they expected. I would highly recommend Hien for anyone looking to refinance!","2022-12-12","Hien Phan","Tiffany","","info@southernbirch.com",NULL,NULL,NULL,"2023-11-28","2024-01-09"
1849372,13415426,"Mortgage","findamortgagebroker.com","5",NULL,"Hien helped me through the process of purchasing my home 1.5 years ago and she helped me again this time around as I refinanced. She is INCREDIBLE! Very well organized, well versed in the process, and is always there to answer questions. She wants to make sure you understand and are comfortable with the whole process. I trust that she is looking out for me and making sure that I get the best value. I highly recommend her to any one looking to purchase or refinance. Thank you, Hien!","2022-11-29","Hien Phan","SQ","","info@southernbirch.com",NULL,NULL,NULL,"2023-11-28","2024-01-09"
1849379,13415426,"Mortgage","findamortgagebroker.com","5",NULL,"I'm so glad that a good friend of mine referred Hien to us when we were looking into refinancing our home. She is very knowledgeable in finance and real estate. I had so many questions which she was fast and proficient in answering all of my questions. She was super organized in helping us navigating the process of doing a refi. Thank you Hien!","2022-11-17","Hien Phan","Charlie","T","support@southernbirch.com",NULL,NULL,NULL,"2023-11-28","2024-01-09"
1849386,13415426,"Mortgage","findamortgagebroker.com","5",NULL,"Hien Phan is an amazing loan officer! She is very well organized she approved me right away. She is really good at communicating, like answering all the hard questions i had and made my mind at ease. I highly recommend her to everyone i know. Thank you and your crew for all the hard work you guys done!","2022-11-07","Hien Phan","Shirley","Duarosan","support@southernbirch.com",NULL,NULL,NULL,"2023-11-28","2024-01-09"
1849392,13415426,"Mortgage","findamortgagebroker.com","5",NULL,"Hien was simply amazing! Her knowledge was extensive, communication was fantastic, work was efficient. She was on top of the transaction every step of the wayWill not hesitate to recommend.","2022-10-25","Hien Phan","James","Li","support@southernbirch.com",NULL,NULL,NULL,"2023-11-28","2024-01-09"
17909872,13415426,"Mortgage","zillow.com","5","Top Real Estate Advisor ","Hien and her team at Southern Birch Mortgage are top notch! I had a very hard loan and she still got everything done ahead of schedule. I will use her again next year when I buy another rental property!!!","2022-10-24","Hien Phan","michaelkandrachel",NULL,NULL,"Renton","WA",NULL,"2024-12-04","2026-04-10"
17909874,13415426,"Mortgage","zillow.com","5","Hien takes the entire stressful loan burden off of you by always being 2 steps ahead","Having been involved in over half a dozen home transactions, I could not be more impressed with Hien. Of all the lenders I've worked with she was by far the most pleasant and easy to work with.Her organization made the process a breeze and she was consistently pushing info to us rather than us having to reach out, meaning we did not have to consistent worry and keep track of the next form, the next item, etc. Hien always had it ready to go and was even able to give us the option to close 2 weeks ahead of schedule.Since this transaction a month ago we've already referred her to friends of ours and will continue to do so in the future. Thanks so much Hien!","2022-08-16","Hien Phan","zuser20151021162037594",NULL,NULL,"Seattle","WA",NULL,"2024-12-04","2026-04-10"
17909855,13415426,"Mortgage","zillow.com","5","Highly recommend working with Hien!","Hien is amazing! She recently helped my family buy a new home. She was so organized, responsive to questions, and communitive every step of the way. Even after closing on the home, Hien followed-up to make sure we knew what to expect next. I highly recommend working with Hien!","2022-06-20","Hien Phan","amandach1n",NULL,NULL,"Renton","WA",NULL,"2024-12-04","2026-04-10"
17909856,13415426,"Mortgage","zillow.com","5","Great","Hien was great. The use of the google drive was very smart and organized. Answered our questions and worked to get our loan approved. Very friendly to work with.","2022-06-08","Hien Phan","jinzhou220",NULL,NULL,"Renton","WA",NULL,"2024-12-04","2026-04-10"
17909857,13415426,"Mortgage","zillow.com","5","Very detail and close ahead of schedule","Best financing experience i ever had, very detail and financing close ahead of schedule. She even follow up with me after closing, can't ask for more!","2022-06-03","Hien Phan","user6137259",NULL,NULL,"Bellevue","WA",NULL,"2024-12-04","2026-04-10"
17909859,13415426,"Mortgage","zillow.com","5","refinance","We had a wonderful experience refinancing our home with the South Birch Mortgage. Hien walked us through every step of the way. We highly recommend this company.","2022-03-07","Hien Phan","tatianasadak0",NULL,NULL,"Lynnwood","WA",NULL,"2024-12-04","2026-04-10"
17909858,13415426,"Mortgage","zillow.com","5","Awesome Assistance with Refinance","Hien helped my husband and I with two refinances of our Edmonds townhome - one in 2020 and a second in 2021. Hien reached out to *us* to let us know about the opportunity to get an even lower interest rate ad minimal cost to us. From helping us decide whether refinancing was the right option for us, to selecting a lender, Hien was a great partner with us from the beginning. Having never refinanced before, we had a lot of questions. Hien was very responsive - and patient - with all of the questions and concerns we had. I would definitely recommend Hien to any friend or family member looking to purchase or refinance a home!","2022-03-07","Hien Phan","kirsten","daniels9",NULL,"Edmonds","WA",NULL,"2024-12-04","2026-04-10"
17909860,13415426,"Mortgage","zillow.com","5","The Southern Birch team is AMAZING","Hien and her team at Southern Birch made our home buying experience so smooth and positive. We won our first offer in the very competitive Seattle region! Hien is incredibly organized, responsive, and knowledgeable. We trusted her 100% and felt great having her lead us through what can be an intimidating process. Hien gets to know her clients and makes sure she is supporting them every step along the way - even after closing day. Her personal and genuine care for her clients left a lasting impression on us and my spouse and I couldn’t be more happy or satisfied to have worked with the Southern Birch team.","2022-03-04","Hien Phan","tutuinpink04",NULL,NULL,"Auburn","WA",NULL,"2024-12-04","2026-04-10"
1849394,13415426,"Mortgage","findamortgagebroker.com","5",NULL,"We have refinanced before and this was by far the easiest and the best lender and experience we ever had. Hien knows the market, has amazing experience and is there when you need her. We could not have refinance without her and have already referred her to many friends. You won't be disappointed!","2022-02-08","Hien Phan","CindyW","","info@southernbirch.com",NULL,NULL,NULL,"2023-11-28","2024-01-09"
1849362,13415426,"Mortgage","findamortgagebroker.com","5",NULL,"Hien's high level of professionalism and responsiveness exceeded expectations. She kept me well informed during and after the refinance process. I always had a clear understanding of what, why, and when. Most importantly, I trust her integrity and judgement with my financial information.","2022-02-03","Hien Phan","WillowC","","hientpn@gmail.com",NULL,NULL,NULL,"2023-11-28","2024-01-09"
17909861,13415426,"Mortgage","zillow.com","5","Southern Birch is nothing short than great.","Hien and her team are very well versed and experienced. The market is so competitive and volatile, Hien and the team at Southern Birch will make sure you are prepared. Every step there is a break down of what is needed and how to proceed. They will make sure you are ready for what is to come, and give you the understanding of what to expect and how things will happen. The customer experience my wife and I received was nothing but great. Tended to our every question, and ensured we walked into anything with confidence. There will be bumps in the road, but Southern Birch will always be there to help things work. I would not hesitate to recommend Hien, and her team at Southern Birch. We will work with them again","2022-01-11","Hien Phan","jebradburn017",NULL,NULL,"Kent","WA",NULL,"2024-12-04","2026-04-10"
17909862,13415426,"Mortgage","zillow.com","5","Save time & money with Southern Birch Mortgage","Hien and her colleagues at Southern Birch played a key role for my wife and I, as we began our search for a home and mortgage lender. She and her team were efficient and incredibly knowledgeable, asking up front for all the documents we’d need for our specific situation and saving us from the hassle of going back and forth to dig up some obscure file that is typical for these kinds of loans. In addition, she was readily available at a moment’s notice to answer any questions we had, or file paper work we needed to make an offer on a house we liked at the drop of a hat.  You will not regret using her and Southern Birch for your lender broker needs. In a world where time is money, they will save you plenty of both!","2022-01-10","Hien Phan","arianflores89",NULL,NULL,"Edmonds","WA",NULL,"2024-12-04","2026-04-10"
1849370,13415426,"Mortgage","findamortgagebroker.com","5",NULL,"When interest rates began to decline, we knew it was a good time to refinance our home. I was hesitant at first because I remember how stressful the loan process was when I first bought my house. It was a nightmare. It was long, tedious, and I felt very alone during it all.Working with Hien has been the complete opposite. I was VERY surprised at how easy the whole process was. Hien is highly organized (probably the most organized loan officer out there). She was able to use her organization skills to keep on top of my loan. She makes a google document check listing everything. This made it easy to see what you needed to submit, where your loan was in process, and you could even see the payment breakdown. On top of that, she is very communicative. She would call or text me every few days explaining to me where the loan was and what needed to be done. She helped me figure out some of the paper work that I needed to submit. Basically I had a great loan officer who was with me the whole way. She made me feel confident that I was in the best hands.","2022-01-10","Hien Phan","Jennifer","H","hientpn@gmail.com",NULL,NULL,NULL,"2023-11-28","2024-01-09"
17909863,13415426,"Mortgage","zillow.com","5","She's Great! More Than Just a Mortgage Advisor!!","I worked with Hien and Southern Birch Mortgage on a refinance last year. Hien was wonderful throughout the entire process. She explained everything clearly and answered all my questions. She could see when I had trouble understanding certain parts of the refinance and went above and beyond to make me feel comfortable with the numbers. She definitely knows her stuff. I would without a doubt recommend Hien for a home refinance!","2022-01-06","Hien Phan","tony9808",NULL,NULL,"Seattle","WA",NULL,"2024-12-04","2026-04-10"
1849377,13415426,"Mortgage","findamortgagebroker.com","5",NULL,"I was referred to Hien by a family member to help me with refinances. She is such a joy to work with! I reached out to her on a Sunday afternoon, she responded right away and scheduled a phone meeting with me the following day. She is very knowledgeable and experienced in finances with real estates and so easy to communicate with. When it came time to collect all the necessary documents, she was very organized and helpful with providing instructions on what to do at each step. Her professionalism and responsiveness made the whole process very transparent and we were able to close within 3 weeks! I am so appreciative of her and will continue to recommend her to anyone!","2022-01-03","Hien Phan","Jane","H","hien@southernbirch.com",NULL,NULL,NULL,"2023-11-28","2024-01-09"
1849383,13415426,"Mortgage","findamortgagebroker.com","5",NULL,"Hien is just flat out amazing! I intended to use a different company to refinance my home until they absolutely lost my trust in service. I reached out to Hien, and am so glad I did. She got me a fantastic APR, and was able to close faster than the other company. If you are looking for buying a house or refinance, definitely reach out to Hien. Thank you so much for everything you did for me!","2021-12-15","Hien Phan","platypusoffury","","louisphan93@gmail.com",NULL,NULL,NULL,"2023-11-28","2024-01-09"
1849389,13415426,"Mortgage","findamortgagebroker.com","5",NULL,"Hien helped us through the process of refinancing our first home. She was helpful and always available. Hien took time to explain every little detail that we asked about. She found us the lowest rate possible after lots of searching. If you are searching for a loan officer Hien Is the best.","2021-12-08","Hien Phan","Devin","Schmidt","kimmyntr@gmail.com",NULL,NULL,NULL,"2023-11-28","2024-01-09"
17909864,13415426,"Mortgage","zillow.com","5","Amazing Mortgage Experience with Southern Birch!","The only thing scarier than buying a home in Seattle is the process of applying for a mortgage to pay for it… unless you’re working with a top notch company! Hien was an amazing resource through out the mortgage application process. She was so organized, responsive, and kind throughout the entire process. Her knowledge in real estate is expansive so she knew how to answer any question I asked or guided me how to learn more. I highly recommend Hien from Southern Birch for your mortgage needs!","2021-11-28","Hien Phan","cathydang91",NULL,NULL,"Seattle","WA",NULL,"2024-12-04","2026-04-10"
1849359,13415426,"Mortgage","findamortgagebroker.com","5",NULL,"I was extremely satisfied working with Hien! I did not believe I would be able to successfully refinance my mortgage due to my credit score. With Hien’s advice I was able to qualify for a refinance that is saving me a significant amount of money. She is highly organized and made document submissions a breeze. I was well informed every step towards closing. Hien is very personable and was able to restore my confidence in building my credit. I recommend her to all my friends and family!","2021-11-12","Hien Phan","Rosemary","","kimmyntr@gmail.com",NULL,NULL,NULL,"2023-11-28","2024-01-09"
17909845,13415426,"Mortgage","zillow.com","5","Best Loan Officer You'll Meet!!","Hien has been an excellent loan officer. Head and shoulders above the five other loan officers I've worked with.My income situation is fairly complicated. I work 3 jobs and have a high income. However, my income varies from week to week depending how many shifts I sign up for. I also just started working recently, so I only have 1.5 yr of income history.I was in the market for a jumbo loan. Most other loan officers made me go through the lengthy application process, only to deny the loan without an explanation. Hien made sure all my questions were answered. She scheduled a phone meeting with me at the beginning of the home search process and explained everything thoroughly. She was available and easy to reach. In contrast, other loan officers I worked with only showed interest once I won an offer on a house.Hien walked through the different loan terms, and how that would impact my financial situation. She explained amortization, and how extra payments would affect the loan and monthly payments. I consider myself well versed in numbers, but there's so much to learn in such little time. It's super helpful to have someone willing to walk you through the math.She explained how locking in an interest rate worked (much like the stock market) and allowed me to choose when to lock it in. Other loan officers locked the rate without consulting me.Hien explained how home insurance worked, and helped me get a really affordable policy. Hien got me an excellent interest rate (2.5%)!! Closing went smoothly. Because she helped me shop, closing costs came in quite a bit lower than estimated. She coordinated well with my real estate agent, and with escrow. Everything went really smoothly. She made sure I was able to navigate the web portal to make my first house payment.I'm really happy to have met Hien during the home buying process. Home buying is quite stressful, but Hien makes the loan process low-stress. I highly recommend her.","2021-11-07","Hien Phan","stran187",NULL,NULL,"Seattle","WA",NULL,"2024-12-04","2026-04-10"
1849366,13415426,"Mortgage","findamortgagebroker.com","5",NULL,"Hien was awesome! As first time home buyers, we had no idea what we we were getting ourselves into nor did we know that process of buying a house. Hien walked us through every step of the way and I really appreciated that she took the time to explain EVERYTHING thoroughly as we went on through the process. It seemed as if she worked around the clock for us because she would respond back to my questions almost immediately! I would definitely recommend Hien to friends and family because I know that she will take good care of them!","2021-11-05","Hien Phan","Rene","","kimmyntr@gmail.com",NULL,NULL,NULL,"2023-11-28","2024-01-09"
17909846,13415426,"Mortgage","zillow.com","5","Fantastic, Made the Process Feel Easy","Hien made the entire process feel so easy and smooth. Answered all my loan questions (and there were a lot of them) and clearly really knew her stuff. Always warm and personable and it's cliché, but she made me feel like family!","2021-10-10","Hien Phan","stefkurry99",NULL,NULL,"Edmonds","WA",NULL,"2024-12-04","2026-04-10"
1849373,13415426,"Mortgage","findamortgagebroker.com","5",NULL,"Hien served as our loan officer during the purchase of our home. She was fantastic, on every level! We are so grateful to have had her support as we navigated technical, legal and financial strategy questions. She is thorough and has designed simple, clear systems to communicate with her clients and to keep track of each step of the process (and all the documentation that goes with). She is naturally a strategist and an educator, encouraging her clients to think big picture while addressing each of the minor details that must be considered in the short term. We loved working with Hien and appreciate her knowledge of the lending and financial environment, and also her knowledge of real estate investing and home flipping and her generally upbeat, positive spirit. Hien is good at her craft, kind, professional, and extremely efficient. We'd recommend her services in a heartbeat.","2021-10-07","Hien Phan","Kristen","Kosidowski","simpaticaphan@gmail.com",NULL,NULL,NULL,"2023-11-28","2024-01-09"
17909847,13415426,"Mortgage","zillow.com","5","Smooth experience and loved the hand holding experience","Hien was our broker when we purchased our house last year (in the midst of the pandemic). She was extremely professional and made herself available — over email, text, mobile — for all our questions as a first-time homeowners. During our engagement, she was able to provide (Google) spreadsheets that assisted us with choosing the best mortgage rate/plan; she was able to succinctly and clearly explain the data in a way that helped reduce our anxiety.","2021-10-07","Hien Phan","matt97306",NULL,NULL,"Renton","WA",NULL,"2024-12-04","2026-04-10"
17909848,13415426,"Mortgage","zillow.com","5","I Always Go Back to Her!!!","This is the second time I worked with Hien. She is so organized and SUPER fast and efficient. I always dread the process but she makes it so easy! Definitely recommend!","2021-10-05","Hien Phan","user32904433",NULL,NULL,"Kent","WA",NULL,"2024-12-04","2026-04-10"
1849380,13415426,"Mortgage","findamortgagebroker.com","5",NULL,"Hien was supremely organized, informed, and communicative. She had all the market analysis points that I needed to make a sound investment decision. I was very confident in her knowledge and capabilities. Looking forward to working with her soon!","2021-10-05","Hien Phan","A","Wong","simpaticaphan@gmail.com",NULL,NULL,NULL,"2023-11-28","2024-01-09"
1849387,13415426,"Mortgage","findamortgagebroker.com","5",NULL,"Hien did a great job with handling our refinance! She is really on top of things which I personally appreciate as it’s hard to navigate through this complex real estate world. And she got us a great rate and was transparent through the entire process. I would definitely recommend her to any of my friends and family. She is also currently helping me look for empty lots to build our future dream home! Cannot be any happier! Thanks, Hien!!!","2021-09-28","Hien Phan","jwang076","","simpaticaphan@gmail.com",NULL,NULL,NULL,"2023-11-28","2024-01-09"
17909849,13415426,"Mortgage","zillow.com","5","Helped me with my cash out refi!","Hien was a fantastic lender that has helped educate me about the mortgage process from the application underwriting and closing. She had made the process both easy and seamless, especially when handling every requirement remotely. She is always available to talk through the scenario and provide options that would best suit our needs and what we want for our future. What I value most about her is that she is transparent and provides perspective on one of the larger decisions of my family’s life. She definitely goes out of her way to find the best rate possible for you to plan for your future investments.","2021-09-22","Hien Phan","zuser20150123112537733",NULL,NULL,"Renton","WA",NULL,"2024-12-04","2026-04-10"
1849355,13415426,"Mortgage","findamortgagebroker.com","5",NULL,"It has been a quick and easy process to refinance with Hien! She was so organized and responsive, she would text me every morning on any updates and even throughout the day. Any questions I had she would respond and clearly explain to make sure everything was clear. If you need to refinance I would definitely recommended reaching out to Hien, she will take great care of u!","2021-09-22","Hien Phan","tarayin89","","hientpn@gmail.com",NULL,NULL,NULL,"2023-11-28","2024-01-09"
1849360,13415426,"Mortgage","findamortgagebroker.com","5",NULL,"Hien is amazing! Hien helped me refinance for the first time when I had no idea what I needed to do. She was always available to answer any questions and gave me daily updates on the constantly changing rates. She was very organized so I knew exactly what documents I needed and the timeline of the whole process. The whole process was very smooth. Working with Hien definitely relieved a lot of stress for me. She worked hard on getting me a good rate. I hope to work with her again if I ever decide to refinance again! I highly recommend Hien as a loan officer!","2021-09-20","Hien Phan","Tiff","L","hientpn@gmail.com",NULL,NULL,NULL,"2023-11-28","2024-01-09"
17909850,13415426,"Mortgage","zillow.com","5","Amazing!!","Hien helped my family and I with our first home purchase last year and again this year with our refinance! She was amazing throughout both experience and I definitely would recommend her to our friends and families. She took the time to explain everything to us in a way that we can understand. She was always available for questions at any time of the day. She is also very knowledgeable and it definitely shows through her work.","2021-09-16","Hien Phan","renecruz1",NULL,NULL,"Marysville","WA",NULL,"2024-12-04","2026-04-10"
17909851,13415426,"Mortgage","zillow.com","5","Patient, Quick response time, and very knowledgeable.","Hien was very patient and always had time to talk about any of the questions that we had. She always got back to us as fast as possible and helped explains some of the processes we were unfamiliar with. It made the home buying process less stressful knowing that she was in our corner to help us out. Hien also helped explain stuff that my wife didn’t understand in English. As my wife is more fluent in Vietnamese. I would recommend Hien to anyone in the same situation as us.","2021-09-09","Hien Phan","joscaldw18",NULL,NULL,"Kent","WA",NULL,"2024-12-04","2026-04-10"
17909852,13415426,"Mortgage","zillow.com","5","Highly recommend!","It was a great experience working with Hien as our lender. She helped us navigate the complex task of buying a home in the states while living in Canada. The process involved a lot of paperwork but her organization and open flow of communication reduced that complexity greatly. We'd definitely go back to her if we ever need another mortgage loan.","2021-09-02","Hien Phan","zuser20161023151125446",NULL,NULL,"Bothell","WA",NULL,"2024-12-04","2026-04-10"
1849367,13415426,"Mortgage","findamortgagebroker.com","5",NULL,"Hien is an excellent person to go to for refinancing your house, and tries her best to give everyone the best rate she can. Plus, she is really hardworking, and patient with others which makes her easier to approach than others.","2021-09-01","Hien Phan","ly2006","","hientpn@gmail.com",NULL,NULL,NULL,"2023-11-28","2024-01-09"
1849375,13415426,"Mortgage","findamortgagebroker.com","5",NULL,"HIEN IS INCREDIBLY AMAZING! I needed help with a refinance and I am blown away by her knowledge. She strategically helped me find out what the best option was, and what I needed to do in order to set myself up for financing my future rentals. She is organized, responsive, and very easy to work with. Thank you so much for all your help, I will most certainly recommend Hien as a loan officer!","2021-08-31","Hien Phan","Kim","","kimmyntr@gmail.com",NULL,NULL,NULL,"2023-11-28","2024-01-09"
17909853,13415426,"Mortgage","zillow.com","5","Highly Recommended","My mortgage application process was great with the help of Hien Phan. Hien had been highly recommended by close friends. She was helpful to find the best mortgage options. I learned a great deal from Hien from getting approval to the application process. I highly recommend Hien for all of your mortgage needs.","2021-08-31","Hien Phan","hieu9111",NULL,NULL,"Kent","WA",NULL,"2024-12-04","2026-04-10"
17909854,13415426,"Mortgage","zillow.com","5","The best Mortgage Loan Officer","Hien is the most professional and effective real-estate mortgage loan officer that I have worked with. I am a founder of my own business and applied for a refinance home mortgage to use the proceeds for business and investment purposes. I am convinced that, as a self-employed founder, my loan would have never been approved without Hien’s guidance and expertise. She was always 2 steps ahead of the process and preempted any documentation the lender would request with plenty of time to prepare while guiding me expertly throughout. To make matters even more treacherous, I applied to refinance in the middle of the COVID pandemic, when banks were highly reticent to issue loans and to part with their cash. Nonetheless, Hien persevered and ensured my loan got approved in record time (fewer than 30 days) despite the countless lender requests for additional documents, the complications of me being self-employed, and the very challenging COVID environment. I cannot recommend Hien highly enough. I will not work with any other mortgage broker in the future. Thank you, Hien!","2021-08-10","Hien Phan","nick","dimitrov0",NULL,"Woodinville","WA",NULL,"2024-12-04","2026-04-10"
1849381,13415426,"Mortgage","findamortgagebroker.com","5",NULL,"I was thankful that I worked with Hien on my refinance of my home. She can explain things in plain terms and made it much more understandable. As this isn't my first time working with a lender, this is the time that I learned most. I am still really thankful a month later that I did my refinance with her. It's a perfect timing, but more importantly, I worked with the right person.","2021-07-18","Hien Phan","ShanShan","","kimmyntr@gmail.com",NULL,NULL,NULL,"2023-11-28","2024-01-09"
17909835,13415426,"Mortgage","zillow.com","5","A huge help","Hien was a tremendous help navigating the refinance process. She would reach out at every step to let me know what was needed and set expectations as to upcoming costs and deadlines. At the end of the process, my rate was even better than expected. Thanks a million, Hien!","2021-07-15","Hien Phan","m","j otte88",NULL,"Seatac","WA",NULL,"2024-12-04","2026-04-10"
17909836,13415426,"Mortgage","zillow.com","5","Best of the best","Made the most stressful process a walk in the Park. Very organized and transparent, everything is explained and done in the timely manner. Quickest turn around time and best rate you can find. I am very glad I had Hien to help me through this whole process.","2021-07-10","Hien Phan","jialiu10",NULL,NULL,"Seattle","WA",NULL,"2024-12-04","2026-04-10"
1849353,13415426,"Mortgage","findamortgagebroker.com","5",NULL,"Wow. Period. That is all I can say. Hien is truly amazing. She is the most organized person you will ever meet and really takes the time to answer all your questions. She helped me get a low interest rate on my home and then worked her magic and came back with an even lower rate! I can’t thank her enough and have already recommended several of my friends and colleagues to her. I will definitely go with her again in the future!","2021-06-23","Hien Phan","Melinda","","simpaticaphan@gmail.com",NULL,NULL,NULL,"2023-11-28","2024-01-09"
17909837,13415426,"Mortgage","zillow.com","5","Highly Recommend!","Wow. Period. That is all I can say. Hien is truly amazing. She is the most organized person you will ever meet and really takes the time to answer all your questions. She helped me get a low interest rate on my home and then worked her magic and came back with an even lower rate! I can’t thank her enough and have already recommended several of my friends and colleagues to her. I will definitely go with her again in the future!","2021-06-17","Hien Phan","zuser20181210153204656",NULL,NULL,"Seattle","WA",NULL,"2024-12-04","2026-04-10"
1849357,13415426,"Mortgage","findamortgagebroker.com","5",NULL,"I was referred to Hien by a family member to help me with refinances. She is such a joy to work with! I reached out to her on a Sunday afternoon, she responded right away and scheduled a phone meeting with me the following day. She is very knowledgeable and experienced in finances with real estates and so easy to communicate with. When it came time to collect all the necessary documents, she was very organized and helpful with providing instructions on what to do at each step. Her professionalism and responsiveness made the whole process very transparent and we were able to close within 3 weeks! I am so appreciative of her and will continue to recommend her to anyone!","2021-06-17","Hien Phan","Jane","H","kimmyntr@gmail.com",NULL,NULL,NULL,"2023-11-28","2024-01-09"
17909838,13415426,"Mortgage","zillow.com","5","The best we ever had","We had the opportunity to work with Hien on refinancing our home. It was by far the best experience we've had. Hien was expeditious and very informative with all the questions that we had. During the whole process we even had a newborn. Even with a newborn, Hien made the entire process efficient and easy for us. We're so glad to have worked with her.","2021-06-10","Hien Phan","AnDang1",NULL,NULL,"Seattle","WA",NULL,"2024-12-04","2026-04-10"
17909839,13415426,"Mortgage","zillow.com","5","5 stars","Hien was very responsive and answered all our questions and as first time home buyers we had a lot of questions. She was very positive and motivated us to push through this long process. I would recommend her to anyone looking for a home.","2021-05-25","Hien Phan","kac5477",NULL,NULL,"Marysville","WA",NULL,"2024-12-04","2026-04-10"
17909840,13415426,"Mortgage","zillow.com","5","Dedicated and Effective Loan Officer","Hien helped with my refinance for my home and provided exceptional service as our loan officer. She continually worked to provide me with the best interest rates possible. She is responsive and quick to address any concerns or questions I had, enabling me to move forward with the process with minimal uncertainties. I appreciate how reachable she was throughout the process, which is one of the key attributes I value in professional services.  She made the entire process smooth, easy to understand, and effortless on my end. Hien took special care to provide the best available terms as the market continue to fluctuate in this volatile period. I was very confident that she had our best interest in mind throughout the process, and I would strongly recommend her to anyone I know for any home financing needs.","2021-05-24","Hien Phan","davidscaacc",NULL,NULL,"Kent","WA",NULL,"2024-12-04","2026-04-10"
17909841,13415426,"Mortgage","zillow.com","5","Exceeded my expectations in every way","My friend at work kept going on and on about how great his mortgage broker was, how easy she made the whole process and how much money he saved on his last few refinances over the years. I finally decided to refinance and wanted to test out how great his broker was. I was absolutely blow away by how fast and efficient Hien is. I was dreading all the work I would have to do during the refinance but once I submitted my documents Hien took care of everything. I am still not sure what kind of wizardry she used to save me so much money but I am not complaining. If I ever need to refi/buy/sell whatever again in the future I will not hesitate to call Hien again.","2021-05-19","Hien Phan","msl218",NULL,NULL,"Kirkland","WA",NULL,"2024-12-04","2026-04-10"
17909843,13415426,"Mortgage","zillow.com","5","Refinance","Hien helped me through the process of purchasing my home 1.5 years ago and she helped me again this time around as I refinanced. She is INCREDIBLE! Very well organized, well versed in the process, and is always there to answer questions. She wants to make sure you understand and are comfortable with the whole process. I trust that she is looking out for me and making sure that I get the best value. I highly recommend her to any one looking to purchase or refinance. Thank you, Hien!","2021-05-18","Hien Phan","user76564390",NULL,NULL,"Seattle","WA",NULL,"2024-12-04","2026-04-10"
17909842,13415426,"Mortgage","zillow.com","5","The Best!","This is the second time Hien helped me refinance. This time it was to help with my parents home. My parents tried to refinance with a big bank last year but that fell through and my mom didn’t want to go through the process all over again. However, I convinced her Hien helped me with my refinancing so maybe she can help her. Turns out it was such a great experience from beginning to closing. Hien has helped my parents out so much and I am very grateful that my parents saved money. They got an even better interest rate compared to what they expected. I would highly recommend Hien for anyone looking to refinance!","2021-05-18","Hien Phan","talo9307",NULL,NULL,"Kent","WA",NULL,"2024-12-04","2026-04-10"
17909844,13415426,"Mortgage","zillow.com","5","Outstanding loan officer!","I'm so glad that a good friend of mine referred Hien to us when we were looking into refinancing our home.  She is very knowledgeable in finance and real estate.   I had so many questions which she was fast and proficient in answering all of my questions.   She was  super organized in helping us navigating the process of doing a refi.  Thank you Hien!","2021-05-06","Hien Phan","user4747217",NULL,NULL,"Kent","WA",NULL,"2024-12-04","2026-04-10"
17909825,13415426,"Mortgage","zillow.com","5","Wonder Woman!","Hien Phan is an amazing loan officer! She is very well organized she approved me right away. She is really good at communicating, like answering all the hard questions i had and made my mind at ease. I highly recommend her to everyone i know. Thank you and your crew for all the hard work you guys done!.","2021-04-27","Hien Phan","ShirleyDuarosan",NULL,NULL,"Seatac","WA",NULL,"2024-12-04","2026-04-10"
17909873,13415426,"Mortgage","zillow.com","5","Professional and efficient","Hien is extremely organized and took the pressure off our first refinance. She laid out our options in easy to understand terms and visuals. It was a smooth and quick process!","2021-04-26","Hien Phan","ms","denisengo",NULL,"Tacoma","WA",NULL,"2024-12-04","2026-04-10"
17909827,13415426,"Mortgage","zillow.com","5","Hien is knowledgeable, patient and experienced!","We have refinanced before and this was by far the easiest and the best lender and experience we ever had.  Hien knows the market, has amazing experience and is there when you need her.  We could not have refinance without her and have already referred her to many friends.  You won't be disappointed!","2021-02-03","Hien Phan","user3467701",NULL,NULL,"Seattle","WA",NULL,"2024-12-04","2026-04-10"
17909826,13415426,"Mortgage","zillow.com","5","Fantastic!","Hien was simply amazing!  Her knowledge was extensive, communication was fantastic, work was efficient.  She was on top of the transaction every step of the wayWill not hesitate to recommend.","2021-02-03","Hien Phan","jamesjlli",NULL,NULL,"Seattle","WA",NULL,"2024-12-04","2026-04-10"
17909828,13415426,"Mortgage","zillow.com","5","Highly recommend","Hien's high level of professionalism and responsiveness exceeded expectations.   She kept me well informed during and after the refinance process. I always had a clear understanding of what, why, and when.   Most importantly, I trust her integrity and judgement with my financial information.","2021-02-02","Hien Phan","willowpchang",NULL,NULL,"Bellevue","WA",NULL,"2024-12-04","2026-04-10"
17909830,13415426,"Mortgage","zillow.com","5","Such a wonderful experience with Hien!","I was referred to Hien by a family member to help me with refinances.  She is such a joy to work with!  I reached out to her on a Sunday afternoon, she responded right away and scheduled a phone meeting with me the following day.  She is very knowledgeable and experienced in finances with real estates and so easy to communicate with.  When it came time to collect all the necessary documents, she was very organized and helpful with providing instructions on what to do at each step.  Her professionalism and responsiveness made the whole process very transparent and we were able to close within 3 weeks!  I am so appreciative of her and will continue to recommend her to anyone!","2021-01-11","Hien Phan","MizzDimplez",NULL,NULL,"Seattle","WA",NULL,"2024-12-04","2026-04-10"
17909831,13415426,"Mortgage","zillow.com","5","Best service I could have imagined.","Hien is just flat out amazing! I intended to use a different company to refinance my home until they absolutely lost my trust in service. I reached out to Hien, and am so glad I did. She got me a fantastic APR, and was able to close faster than the other company. If you are looking for buying a house or refinance, definitely reach out to Hien. Thank you so much for everything you did for me!","2020-12-07","Hien Phan","platypusoffury",NULL,NULL,"Seattle","WA",NULL,"2024-12-04","2026-04-10"
17909832,13415426,"Mortgage","zillow.com","5","Wonderful Experience","Hien helped us through the process of refinancing our first home. She was helpful and always available. Hien took time to explain every little detail that we asked about. She found us the lowest rate possible after lots of searching. If you are searching for a loan officer Hien Is the best.","2020-11-15","Hien Phan","zuser20161017125501222",NULL,NULL,"Edmonds","WA",NULL,"2024-12-04","2026-04-10"
17909833,13415426,"Mortgage","zillow.com","5","Better than I hoped for!","I was extremely satisfied working with Hien! I did not believe I would be able to successfully refinance my mortgage due to my credit score. With Hien’s advice I was able to qualify for a refinance that is saving me a significant amount of money. She is highly organized and made document submissions a breeze. I was well informed every step towards closing. Hien is very personable and was able to restore my confidence in building my credit. I recommend her to all my friends and family!","2020-11-13","Hien Phan","rosemary","sebastian27",NULL,"Renton","WA",NULL,"2024-12-04","2026-04-10"
17909834,13415426,"Mortgage","zillow.com","5","First time home buyers","Hien was awesome! As first time home buyers, we had no idea what we we were getting ourselves into nor did we know that process of buying a house. Hien walked us through every step of the way and I really appreciated that she took the time to explain EVERYTHING thoroughly as we went on through the process. It seemed as if she worked around the clock for us because she would respond back to my questions almost immediately! I would definitely recommend Hien to friends and family because I know that she will take good care of them!","2020-11-10","Hien Phan","renepiercruz",NULL,NULL,"Marysville","WA",NULL,"2024-12-04","2026-04-10"
17909829,13415426,"Mortgage","zillow.com","5","Full Confidence","When interest rates began to decline, we knew it was a good time to refinance our home. I was hesitant at first because I remember how stressful the loan process was when I first bought my house. It was a nightmare. It was long, tedious, and I felt very alone during it all.Working with Hien has been the complete opposite. I was VERY surprised at how easy the whole process was. Hien is highly organized (probably the most organized loan officer out there). She was able to use her organization skills to keep on top of my loan. She makes a google document check listing everything. This made it easy to see what you needed to submit, where your loan was in process, and you could even see the payment breakdown. On top of that, she is very communicative. She would call or text me every few days explaining to me where the loan was and what needed to be done. She helped me figure out some of the paper work that I needed to submit. Basically I had a great loan officer who was with me the whole way. She made me feel confident that I was in the best hands.","2020-11-09","Hien Phan","Jhuynh0220",NULL,NULL,"Renton","WA",NULL,"2024-12-04","2026-04-10"
17909816,13415426,"Mortgage","zillow.com","5","Fantastic lender - efficient, professional and personable.","Hien served as our loan officer during the purchase of our home. She was fantastic, on every level! We are so grateful to have had her support as we navigated technical, legal and financial strategy questions. She is thorough and has designed simple, clear systems to communicate with her clients and to keep track of each step of the process (and all the documentation that goes with). She is naturally a strategist and an educator, encouraging her clients to think big picture while addressing each of the minor details that must be considered in the short term. We loved working with Hien and appreciate her knowledge of the lending and financial environment, and also her knowledge of real estate investing and home flipping and her generally upbeat, positive spirit. Hien is good at her craft, kind, professional, and extremely efficient. We'd recommend her services in a heartbeat.","2020-11-06","Hien Phan","kristenkosidowski",NULL,NULL,"Everett","WA",NULL,"2024-12-04","2026-04-10"
17909817,13415426,"Mortgage","zillow.com","5","Wonderful to work with!","Hien was supremely organized, informed, and communicative.  She had all the market analysis points that I needed to make a sound investment decision. I was very confident in her knowledge and capabilities. Looking forward to working with her soon!","2020-07-10","Hien Phan","annaritawong",NULL,NULL,"Seattle","WA",NULL,"2024-12-04","2026-04-10"
17909818,13415426,"Mortgage","zillow.com","5","Great Real Estate Agent and Mortgage Broker","Hien did a great job with handling our refinance!  She is really on top of things which I personally appreciate as it’s hard to navigate through this complex real estate world.  And she got us a great rate and was transparent through the entire process.  I would definitely recommend her to any of my friends and family.  She is also currently helping me look for empty lots to build our future dream home!  Cannot be any happier!  Thanks, Hien!!!","2020-07-10","Hien Phan","jwang076",NULL,NULL,"Renton","WA",NULL,"2024-12-04","2026-04-10"
17909819,13415426,"Mortgage","zillow.com","5","Hien was great to work with!!","It has been a quick and easy process to refinance with Hien! She was so organized and responsive, she would text me every morning on any updates and even throughout the day. Any questions I had she would respond and clearly explain to make sure everything was clear. If you need to refinance I would definitely recommended reaching out to Hien, she will take great care of u!","2020-06-17","Hien Phan","tarayin89",NULL,NULL,"Auburn","WA",NULL,"2024-12-04","2026-04-10"
17909820,13415426,"Mortgage","zillow.com","5","Highly recommend!","Hien is an excellent person to go to for refinancing  your house, and tries her best to give everyone the best rate she can. Plus, she is really hardworking, and patient with others which makes her easier to approach than others.","2020-05-28","Hien Phan","hienly2006",NULL,NULL,"Seattle","WA",NULL,"2024-12-04","2026-04-10"
17909821,13415426,"Mortgage","zillow.com","5","Amazing service!","Hien is amazing! Hien helped me refinance for the first time when I had no idea what I needed to do. She was always available to answer any questions and gave me daily updates on the constantly changing rates. She was very organized so I knew exactly what documents I needed and the timeline of the whole process. The whole process was very smooth. Working with Hien definitely relieved a lot of stress for me. She worked hard on getting me a good rate. I hope to work with her again if I ever decide to refinance again! I highly recommend Hien as a loan officer!","2020-05-28","Hien Phan","talo9307",NULL,NULL,"Kent","WA",NULL,"2024-12-04","2026-04-10"
17909822,13415426,"Mortgage","zillow.com","5","AMAZING! HIGHLY RECOMMEND!","Hien is truly amazing at what she does! It was my first time refinancing and she made it feel so easy. She worked around the clock and behind the scenes to get me the lowest rate and made sure that I closed on time. She is very organized and is great at keeping you on track with all the paperwork. She also takes the time to explain everything to you and tells you what to expect next so that there are no surprises. I cannot thank her enough for making the refinancing process less stressful. I highly recommend her as a loan officer!","2020-05-26","Hien Phan","zuser20181210153204656",NULL,NULL,"Seattle","WA",NULL,"2024-12-04","2026-04-10"
17909823,13415426,"Mortgage","zillow.com","5","AMAZING MORTGAGE ADVISOR!!!!!!!","HIEN IS INCREDIBLY AMAZING! I needed help with a refinance and I am blown away by her knowledge. She strategically helped me find out what the best option was, and what I needed to do in order to set myself up for financing my future rentals. She is organized, responsive, and very easy to work with. Thank you so much for all your help, I will most certainly recommend Hien as a loan officer!","2020-05-18","Hien Phan","derek","moore andrews",NULL,"Seattle","WA",NULL,"2024-12-04","2026-04-10"
17909824,13415426,"Mortgage","zillow.com","5","I consider it was a successful investment to work with Hien","I was thankful that I worked with Hien on my refinance of my home. She can explain things in plain terms and made it much more understandable. As this isn't my first time working with a lender, this is the time that I learned most. I am still really thankful a month later that I did my refinance with her. It's a perfect timing, but more importantly, I worked with the right person.","2020-05-02","Hien Phan","zuser20160705150345383",NULL,NULL,"Renton","WA",NULL,"2024-12-04","2026-04-10"
